artist,song,original_path,melody_path,instrument_program,instrument_name,track_name,n_notes,avg_pitch,bpm
ABC,4 Ever 2 Gether.mid,data/clean_midi/ABC/4 Ever 2 Gether.mid,synthpop_data/processed/melodies_all/ABC__4_Ever_2_Gether.mid,75,Pan Flute,,564,72.04432624113475,89.99995500002248
ABC,"Look of Love, Part 1.mid","data/clean_midi/ABC/Look of Love, Part 1.mid","synthpop_data/processed/melodies_all/ABC__Look_of_Love,_Part_1.mid",62,Synth Brass 1,Vocals,350,60.94571428571429,120.99994353335968
ABC,Poison Arrow.mid,data/clean_midi/ABC/Poison Arrow.mid,synthpop_data/processed/melodies_all/ABC__Poison_Arrow.mid,71,Clarinet,Melody & Lyric,339,61.21828908554572,126.00012600012602
Bronski Beat,Small Town Boy.mid,data/clean_midi/Bronski Beat/Small Town Boy.mid,synthpop_data/processed/melodies_all/Bronski_Beat__Small_Town_Boy.mid,73,Flute,Vocal,607,75.75288303130148,126.99998518333504
Culture Club,Church of the Poison Mind.mid,data/clean_midi/Culture Club/Church of the Poison Mind.mid,synthpop_data/processed/melodies_all/Culture_Club__Church_of_the_Poison_Mind.mid,61,Brass Section,,75,72.92,130.00013000013
Culture Club,Do You Really Want to Hurt Me.1.mid,data/clean_midi/Culture Club/Do You Really Want to Hurt Me.1.mid,synthpop_data/processed/melodies_all/Culture_Club__Do_You_Really_Want_to_Hurt_Me.1.mid,75,Pan Flute,,306,72.30718954248366,82.00000693333426
Culture Club,Do You Really Want to Hurt Me.mid,data/clean_midi/Culture Club/Do You Really Want to Hurt Me.mid,synthpop_data/processed/melodies_all/Culture_Club__Do_You_Really_Want_to_Hurt_Me.mid,75,Pan Flute,untitled,306,72.30718954248366,104.00001386666852
Depeche Mode,Barrel Of A Gun.mid,data/clean_midi/Depeche Mode/Barrel Of A Gun.mid,synthpop_data/processed/melodies_all/Depeche_Mode__Barrel_Of_A_Gun.mid,107,Koto,Strange sound,226,68.34955752212389,82.9999502000299
Depeche Mode,Black Celebration.1.mid,data/clean_midi/Depeche Mode/Black Celebration.1.mid,synthpop_data/processed/melodies_all/Depeche_Mode__Black_Celebration.1.mid,52,Choir Aahs,CHOIR AAHS,185,65.78918918918919,120.0
Depeche Mode,Black Celebration.2.mid,data/clean_midi/Depeche Mode/Black Celebration.2.mid,synthpop_data/processed/melodies_all/Depeche_Mode__Black_Celebration.2.mid,52,Choir Aahs,ch. aahs (harm 1)   ,185,65.78918918918919,120.0
Depeche Mode,Black Celebration.3.mid,data/clean_midi/Depeche Mode/Black Celebration.3.mid,synthpop_data/processed/melodies_all/Depeche_Mode__Black_Celebration.3.mid,44,Tremolo Strings,Dr. Solo (Harm)     ,185,65.78918918918919,120.0
Depeche Mode,Black Celebration.mid,data/clean_midi/Depeche Mode/Black Celebration.mid,synthpop_data/processed/melodies_all/Depeche_Mode__Black_Celebration.mid,44,Tremolo Strings,Dr. Solo (Harm)     ,185,65.78918918918919,120.0
Depeche Mode,Blasphemous Rumours.1.mid,data/clean_midi/Depeche Mode/Blasphemous Rumours.1.mid,synthpop_data/processed/melodies_all/Depeche_Mode__Blasphemous_Rumours.1.mid,62,Synth Brass 1,Piano,356,65.50561797752809,109.99990833340972
Depeche Mode,Blasphemous Rumours.2.mid,data/clean_midi/Depeche Mode/Blasphemous Rumours.2.mid,synthpop_data/processed/melodies_all/Depeche_Mode__Blasphemous_Rumours.2.mid,93,Pad 6 (metallic),Piano,356,65.50561797752809,110.00011000011
Depeche Mode,Blasphemous Rumours.mid,data/clean_midi/Depeche Mode/Blasphemous Rumours.mid,synthpop_data/processed/melodies_all/Depeche_Mode__Blasphemous_Rumours.mid,0,Acoustic Grand Piano,Piano,356,65.50561797752809,110.00011000011
Depeche Mode,Boys Say Go!.mid,data/clean_midi/Depeche Mode/Boys Say Go!.mid,synthpop_data/processed/melodies_all/Depeche_Mode__Boys_Say_Go!.mid,80,Lead 1 (square),Vocal,438,67.97945205479452,137.0000639333632
Depeche Mode,But Not Tonight.mid,data/clean_midi/Depeche Mode/But Not Tonight.mid,synthpop_data/processed/melodies_all/Depeche_Mode__But_Not_Tonight.mid,0,Acoustic Grand Piano,,660,57.18939393939394,128.0000725334107
Depeche Mode,Dream On.mid,data/clean_midi/Depeche Mode/Dream On.mid,synthpop_data/processed/melodies_all/Depeche_Mode__Dream_On.mid,80,Lead 1 (square),Depeche Mode - Dream on,326,64.7638036809816,126.99998518333504
Depeche Mode,Dreaming of Me.1.mid,data/clean_midi/Depeche Mode/Dreaming of Me.1.mid,synthpop_data/processed/melodies_all/Depeche_Mode__Dreaming_of_Me.1.mid,68,Oboe,Vocal,171,69.91812865497076,135.000135000135
Depeche Mode,Dreaming of Me.2.mid,data/clean_midi/Depeche Mode/Dreaming of Me.2.mid,synthpop_data/processed/melodies_all/Depeche_Mode__Dreaming_of_Me.2.mid,80,Lead 1 (square),Vocal 1,275,66.94909090909091,130.00013000013
Depeche Mode,Dreaming of Me.mid,data/clean_midi/Depeche Mode/Dreaming of Me.mid,synthpop_data/processed/melodies_all/Depeche_Mode__Dreaming_of_Me.mid,68,Oboe,Lyric,175,69.95428571428572,135.000135000135
Depeche Mode,Enjoy the Silence.1.mid,data/clean_midi/Depeche Mode/Enjoy the Silence.1.mid,synthpop_data/processed/melodies_all/Depeche_Mode__Enjoy_the_Silence.1.mid,61,Brass Section,,133,66.61654135338345,120.0
Depeche Mode,Enjoy the Silence.mid,data/clean_midi/Depeche Mode/Enjoy the Silence.mid,synthpop_data/processed/melodies_all/Depeche_Mode__Enjoy_the_Silence.mid,52,Choir Aahs,CHOIR AAHS,184,65.67391304347827,115.00201253521936
Depeche Mode,Everything Counts.1.mid,data/clean_midi/Depeche Mode/Everything Counts.1.mid,synthpop_data/processed/melodies_all/Depeche_Mode__Everything_Counts.1.mid,0,Acoustic Grand Piano,AcPiano,287,71.01045296167247,108.000108000108
Depeche Mode,Everything Counts.2.mid,data/clean_midi/Depeche Mode/Everything Counts.2.mid,synthpop_data/processed/melodies_all/Depeche_Mode__Everything_Counts.2.mid,52,Choir Aahs,AcPiano,268,69.33208955223881,109.00014170018422
Depeche Mode,Everything Counts.mid,data/clean_midi/Depeche Mode/Everything Counts.mid,synthpop_data/processed/melodies_all/Depeche_Mode__Everything_Counts.mid,83,Lead 4 chiff,AcPiano,287,71.01045296167247,108.000108000108
Depeche Mode,Fly on the Windscreen (Final).mid,data/clean_midi/Depeche Mode/Fly on the Windscreen (Final).mid,synthpop_data/processed/melodies_all/Depeche_Mode__Fly_on_the_Windscreen_(Final).mid,63,Synth Brass 2,,128,69.0,94.999992083334
Depeche Mode,I Sometimes Wish I Was Dead.mid,data/clean_midi/Depeche Mode/I Sometimes Wish I Was Dead.mid,synthpop_data/processed/melodies_all/Depeche_Mode__I_Sometimes_Wish_I_Was_Dead.mid,80,Lead 1 (square),Vocal,109,70.42201834862385,127.000254000508
Depeche Mode,Ice Machine.1.mid,data/clean_midi/Depeche Mode/Ice Machine.1.mid,synthpop_data/processed/melodies_all/Depeche_Mode__Ice_Machine.1.mid,80,Lead 1 (square),Vocal,317,65.88643533123029,135.000135000135
Depeche Mode,Ice Machine.mid,data/clean_midi/Depeche Mode/Ice Machine.mid,synthpop_data/processed/melodies_all/Depeche_Mode__Ice_Machine.mid,15,Dulcimer,,297,56.56902356902357,112.0000597333652
Depeche Mode,In Your Room.mid,data/clean_midi/Depeche Mode/In Your Room.mid,synthpop_data/processed/melodies_all/Depeche_Mode__In_Your_Room.mid,11,Vibraphone,MELODY,271,65.89667896678966,99.000099000099
Depeche Mode,It's No Good.mid,data/clean_midi/Depeche Mode/It's No Good.mid,synthpop_data/processed/melodies_all/Depeche_Mode__It's_No_Good.mid,81,Lead 2 (sawtooth),ege@earthlink.net,360,53.0,99.19995238402284
Depeche Mode,Just Can't Get Enough.1.mid,data/clean_midi/Depeche Mode/Just Can't Get Enough.1.mid,synthpop_data/processed/melodies_all/Depeche_Mode__Just_Can't_Get_Enough.1.mid,31,Guitar Harmonics,rythmn              ,300,55.89,130.00013000013
Depeche Mode,Just Can't Get Enough.2.mid,data/clean_midi/Depeche Mode/Just Can't Get Enough.2.mid,synthpop_data/processed/melodies_all/Depeche_Mode__Just_Can't_Get_Enough.2.mid,62,Synth Brass 1,,257,68.23346303501945,128.0
Depeche Mode,Just Can't Get Enough.3.mid,data/clean_midi/Depeche Mode/Just Can't Get Enough.3.mid,synthpop_data/processed/melodies_all/Depeche_Mode__Just_Can't_Get_Enough.3.mid,62,Synth Brass 1,SYNBRASS 1,516,68.45348837209302,130.0023833770286
Depeche Mode,Just Can't Get Enough.mid,data/clean_midi/Depeche Mode/Just Can't Get Enough.mid,synthpop_data/processed/melodies_all/Depeche_Mode__Just_Can't_Get_Enough.mid,63,Synth Brass 2,voice,624,66.89583333333333,130.00013000013
Depeche Mode,Master and Servant.1.mid,data/clean_midi/Depeche Mode/Master and Servant.1.mid,synthpop_data/processed/melodies_all/Depeche_Mode__Master_and_Servant.1.mid,0,Acoustic Grand Piano,Piano,305,66.95081967213115,126.000126000126
Depeche Mode,Master and Servant.2.mid,data/clean_midi/Depeche Mode/Master and Servant.2.mid,synthpop_data/processed/melodies_all/Depeche_Mode__Master_and_Servant.2.mid,44,Tremolo Strings,MELODY 1,335,74.50746268656717,126.00012600012602
Depeche Mode,Master and Servant.mid,data/clean_midi/Depeche Mode/Master and Servant.mid,synthpop_data/processed/melodies_all/Depeche_Mode__Master_and_Servant.mid,87,Lead 8 (bass + lead),Piano,330,67.39696969696969,126.00012600012602
Depeche Mode,Never Let Me Down Again.mid,data/clean_midi/Depeche Mode/Never Let Me Down Again.mid,synthpop_data/processed/melodies_all/Depeche_Mode__Never_Let_Me_Down_Again.mid,3,Honky-tonk Piano,Synth Piano         ,253,62.38339920948616,109.00014170018424
Depeche Mode,New Life (remix).mid,data/clean_midi/Depeche Mode/New Life (remix).mid,synthpop_data/processed/melodies_all/Depeche_Mode__New_Life_(remix).mid,80,Lead 1 (square),Vocal,631,67.09825673534073,159.0002067002687
Depeche Mode,New Life.mid,data/clean_midi/Depeche Mode/New Life.mid,synthpop_data/processed/melodies_all/Depeche_Mode__New_Life.mid,80,Lead 1 (square),Vocal,631,67.09825673534073,159.0002067002687
Depeche Mode,No Disco.mid,data/clean_midi/Depeche Mode/No Disco.mid,synthpop_data/processed/melodies_all/Depeche_Mode__No_Disco.mid,80,Lead 1 (square),Vocal,405,63.787654320987656,123.00022140039852
Depeche Mode,People Are People.mid,data/clean_midi/Depeche Mode/People Are People.mid,synthpop_data/processed/melodies_all/Depeche_Mode__People_Are_People.mid,39,Synth Bass 2,,384,59.75,120.0
Depeche Mode,Personal Jesus.mid,data/clean_midi/Depeche Mode/Personal Jesus.mid,synthpop_data/processed/melodies_all/Depeche_Mode__Personal_Jesus.mid,100,FX 5 (brightness),Vocals,220,66.36818181818182,135.06668917778154
Depeche Mode,Photographic.1.mid,data/clean_midi/Depeche Mode/Photographic.1.mid,synthpop_data/processed/melodies_all/Depeche_Mode__Photographic.1.mid,84,Lead 5 (charang), 4  st-01:shamus,570,65.30526315789474,120.0
Depeche Mode,Photographic.2.mid,data/clean_midi/Depeche Mode/Photographic.2.mid,synthpop_data/processed/melodies_all/Depeche_Mode__Photographic.2.mid,11,Vibraphone,MIDI,439,78.79726651480638,155.00271254746957
Depeche Mode,Photographic.3.mid,data/clean_midi/Depeche Mode/Photographic.3.mid,synthpop_data/processed/melodies_all/Depeche_Mode__Photographic.3.mid,54,Synth Choir,Vocal,484,58.65702479338843,146.00032120070665
Depeche Mode,Photographic.mid,data/clean_midi/Depeche Mode/Photographic.mid,synthpop_data/processed/melodies_all/Depeche_Mode__Photographic.mid,54,Synth Choir,,126,70.44444444444444,150.0
Depeche Mode,Pipeline.mid,data/clean_midi/Depeche Mode/Pipeline.mid,synthpop_data/processed/melodies_all/Depeche_Mode__Pipeline.mid,8,Celesta,V:8 Celesta         ,227,81.77092511013215,80.0
Depeche Mode,Policy of Truth.1.mid,data/clean_midi/Depeche Mode/Policy of Truth.1.mid,synthpop_data/processed/melodies_all/Depeche_Mode__Policy_of_Truth.1.mid,0,Acoustic Grand Piano,Unnamed-005,625,62.4208,110.00011000011
Depeche Mode,Policy of Truth.mid,data/clean_midi/Depeche Mode/Policy of Truth.mid,synthpop_data/processed/melodies_all/Depeche_Mode__Policy_of_Truth.mid,27,Electric Guitar (clean),CLEAN GTR,581,55.95180722891566,120.0
Depeche Mode,Puppets.1.mid,data/clean_midi/Depeche Mode/Puppets.1.mid,synthpop_data/processed/melodies_all/Depeche_Mode__Puppets.1.mid,87,Lead 8 (bass + lead),Scott Moffat,144,65.5,120.0
Depeche Mode,Puppets.mid,data/clean_midi/Depeche Mode/Puppets.mid,synthpop_data/processed/melodies_all/Depeche_Mode__Puppets.mid,0,Acoustic Grand Piano,,384,56.760416666666664,120.0
Depeche Mode,Shake the Disease.1.mid,data/clean_midi/Depeche Mode/Shake the Disease.1.mid,synthpop_data/processed/melodies_all/Depeche_Mode__Shake_the_Disease.1.mid,0,Acoustic Grand Piano,Vox,107,66.76635514018692,120.0
Depeche Mode,Shout (Rio mix).mid,data/clean_midi/Depeche Mode/Shout (Rio mix).mid,synthpop_data/processed/melodies_all/Depeche_Mode__Shout_(Rio_mix).mid,80,Lead 1 (square),Vocal,575,73.13565217391304,118.500026662506
Depeche Mode,Shout.mid,data/clean_midi/Depeche Mode/Shout.mid,synthpop_data/processed/melodies_all/Depeche_Mode__Shout.mid,80,Lead 1 (square),Vocal,495,73.04040404040404,118.500026662506
Depeche Mode,Strange Love.1.mid,data/clean_midi/Depeche Mode/Strange Love.1.mid,synthpop_data/processed/melodies_all/Depeche_Mode__Strange_Love.1.mid,90,Pad 3 (polysynth),PolySynth,714,64.98459383753502,120.0
Depeche Mode,Strange Love.mid,data/clean_midi/Depeche Mode/Strange Love.mid,synthpop_data/processed/melodies_all/Depeche_Mode__Strange_Love.mid,90,Pad 3 (polysynth),POLYSYNTH,714,64.98459383753502,120.0
Depeche Mode,Strangelove.1.mid,data/clean_midi/Depeche Mode/Strangelove.1.mid,synthpop_data/processed/melodies_all/Depeche_Mode__Strangelove.1.mid,90,Pad 3 (polysynth),PolySynth,714,64.98459383753502,120.0
Depeche Mode,Strangelove.mid,data/clean_midi/Depeche Mode/Strangelove.mid,synthpop_data/processed/melodies_all/Depeche_Mode__Strangelove.mid,90,Pad 3 (polysynth),Drums,714,64.98459383753502,120.0
Depeche Mode,The Things You Said.1.mid,data/clean_midi/Depeche Mode/The Things You Said.1.mid,synthpop_data/processed/melodies_all/Depeche_Mode__The_Things_You_Said.1.mid,0,Acoustic Grand Piano,AcPiano,508,66.3267716535433,110.00011000011
Depeche Mode,The Things You Said.mid,data/clean_midi/Depeche Mode/The Things You Said.mid,synthpop_data/processed/melodies_all/Depeche_Mode__The_Things_You_Said.mid,47,Timpani,vocal               ,243,65.63374485596708,115.0000287500072
Depeche Mode,Tora! Tora! Tora!.1.mid,data/clean_midi/Depeche Mode/Tora! Tora! Tora!.1.mid,synthpop_data/processed/melodies_all/Depeche_Mode__Tora!_Tora!_Tora!.1.mid,80,Lead 1 (square),Vocal,230,73.92608695652174,118.00013373348489
Depeche Mode,Walking in My Shoes.mid,data/clean_midi/Depeche Mode/Walking in My Shoes.mid,synthpop_data/processed/melodies_all/Depeche_Mode__Walking_in_My_Shoes.mid,73,Flute,MELODY,359,66.32869080779945,94.00115934763195
Duran Duran,A View To A Kill.1.mid,data/clean_midi/Duran Duran/A View To A Kill.1.mid,synthpop_data/processed/melodies_all/Duran_Duran__A_View_To_A_Kill.1.mid,61,Brass Section,brass2,174,61.258620689655174,126.99998518333504
Duran Duran,A View To A Kill.2.mid,data/clean_midi/Duran Duran/A View To A Kill.2.mid,synthpop_data/processed/melodies_all/Duran_Duran__A_View_To_A_Kill.2.mid,27,Electric Guitar (clean),Melody,326,74.59815950920246,126.99003974788243
Duran Duran,A View To A Kill.3.mid,data/clean_midi/Duran Duran/A View To A Kill.3.mid,synthpop_data/processed/melodies_all/Duran_Duran__A_View_To_A_Kill.3.mid,61,Brass Section,brass2,174,61.258620689655174,126.99998518333504
Duran Duran,A View To A Kill.mid,data/clean_midi/Duran Duran/A View To A Kill.mid,synthpop_data/processed/melodies_all/Duran_Duran__A_View_To_A_Kill.mid,27,Electric Guitar (clean),Melody,326,74.59815950920246,126.99003974788243
Duran Duran,Come Undone.2.mid,data/clean_midi/Duran Duran/Come Undone.2.mid,synthpop_data/processed/melodies_all/Duran_Duran__Come_Undone.2.mid,65,Alto Sax,A ©1995 Geiomusic sequence,272,71.31617647058823,100.05002501250624
Duran Duran,Come Undone.3.mid,data/clean_midi/Duran Duran/Come Undone.3.mid,synthpop_data/processed/melodies_all/Duran_Duran__Come_Undone.3.mid,65,Alto Sax,Alto Sax Melody,272,71.31617647058823,100.05002501250624
Duran Duran,Come Undone.4.mid,data/clean_midi/Duran Duran/Come Undone.4.mid,synthpop_data/processed/melodies_all/Duran_Duran__Come_Undone.4.mid,53,Voice Oohs,,121,65.40495867768595,100.05002501250624
Duran Duran,Come Undone.5.mid,data/clean_midi/Duran Duran/Come Undone.5.mid,synthpop_data/processed/melodies_all/Duran_Duran__Come_Undone.5.mid,53,Voice Oohs,Strings,121,65.40495867768595,100.04935768312367
Duran Duran,Come Undone.mid,data/clean_midi/Duran Duran/Come Undone.mid,synthpop_data/processed/melodies_all/Duran_Duran__Come_Undone.mid,60,French Horn,MELODY,341,71.95601173020528,87.00065250489381
Duran Duran,Downtown.mid,data/clean_midi/Duran Duran/Downtown.mid,synthpop_data/processed/melodies_all/Duran_Duran__Downtown.mid,28,Electric Guitar (muted),Down Town,610,53.71475409836066,120.0
Duran Duran,Girls On Film.mid,data/clean_midi/Duran Duran/Girls On Film.mid,synthpop_data/processed/melodies_all/Duran_Duran__Girls_On_Film.mid,29,Overdriven Guitar,Lead Guitar,222,65.25225225225225,132.20023046906846
Duran Duran,Girls on Film.1.mid,data/clean_midi/Duran Duran/Girls on Film.1.mid,synthpop_data/processed/melodies_all/Duran_Duran__Girls_on_Film.1.mid,65,Alto Sax,MELODY,357,60.54341736694678,105.00157502362536
Duran Duran,Hungry Like The Wolf (Night Version).mid,data/clean_midi/Duran Duran/Hungry Like The Wolf (Night Version).mid,synthpop_data/processed/melodies_all/Duran_Duran__Hungry_Like_The_Wolf_(Night_Version).mid,82,Lead 3 (calliope),,427,73.88524590163935,134.00005806669182
Duran Duran,Hungry Like a Wolf.1.mid,data/clean_midi/Duran Duran/Hungry Like a Wolf.1.mid,synthpop_data/processed/melodies_all/Duran_Duran__Hungry_Like_a_Wolf.1.mid,30,Distortion Guitar,Melody,328,73.14634146341463,120.0
Duran Duran,Hungry Like a Wolf.mid,data/clean_midi/Duran Duran/Hungry Like a Wolf.mid,synthpop_data/processed/melodies_all/Duran_Duran__Hungry_Like_a_Wolf.mid,26,Electric Guitar (jazz),Melody,328,73.14634146341463,120.0
Duran Duran,New Moon on Monday.1.mid,data/clean_midi/Duran Duran/New Moon on Monday.1.mid,synthpop_data/processed/melodies_all/Duran_Duran__New_Moon_on_Monday.1.mid,27,Electric Guitar (clean),mute guit,583,57.46483704974271,120.0
Duran Duran,New Moon on Monday.mid,data/clean_midi/Duran Duran/New Moon on Monday.mid,synthpop_data/processed/melodies_all/Duran_Duran__New_Moon_on_Monday.mid,27,Electric Guitar (clean),mute guit,583,57.46483704974271,120.0
Duran Duran,Notorious.1.mid,data/clean_midi/Duran Duran/Notorious.1.mid,synthpop_data/processed/melodies_all/Duran_Duran__Notorious.1.mid,65,Alto Sax,Melody,427,65.37236533957845,107.00012661681652
Duran Duran,Notorious.2.mid,data/clean_midi/Duran Duran/Notorious.2.mid,synthpop_data/processed/melodies_all/Duran_Duran__Notorious.2.mid,53,Voice Oohs,NOTORIOUS                       ;John Taylor / Nick Rhodes / Simon Le Bon,405,63.87407407407407,107.00012661681652
Duran Duran,Notorious.mid,data/clean_midi/Duran Duran/Notorious.mid,synthpop_data/processed/melodies_all/Duran_Duran__Notorious.mid,65,Alto Sax,MELODY,427,65.37236533957845,107.00146235331884
Duran Duran,Notorius.mid,data/clean_midi/Duran Duran/Notorius.mid,synthpop_data/processed/melodies_all/Duran_Duran__Notorius.mid,53,Voice Oohs,,405,63.87407407407407,107.00012661681652
Duran Duran,Ordinary World.2.mid,data/clean_midi/Duran Duran/Ordinary World.2.mid,synthpop_data/processed/melodies_all/Duran_Duran__Ordinary_World.2.mid,30,Distortion Guitar,CHIT DIST,166,64.24096385542168,70.00023333411112
Duran Duran,Ordinary World.mid,data/clean_midi/Duran Duran/Ordinary World.mid,synthpop_data/processed/melodies_all/Duran_Duran__Ordinary_World.mid,66,Tenor Sax,TENOR SAX,480,65.39166666666667,138.000828004968
Duran Duran,Rio.1.mid,data/clean_midi/Duran Duran/Rio.1.mid,synthpop_data/processed/melodies_all/Duran_Duran__Rio.1.mid,65,Alto Sax,SAXOPHONE           ,104,67.96153846153847,131.00007641671124
Duran Duran,Rio.mid,data/clean_midi/Duran Duran/Rio.mid,synthpop_data/processed/melodies_all/Duran_Duran__Rio.mid,62,Synth Brass 1,,220,69.8,131.00007641671124
Duran Duran,Save a Prayer.1.mid,data/clean_midi/Duran Duran/Save a Prayer.1.mid,synthpop_data/processed/melodies_all/Duran_Duran__Save_a_Prayer.1.mid,0,Acoustic Grand Piano,Backing Vocals,214,75.29439252336448,113.00009605008168
Duran Duran,Save a Prayer.mid,data/clean_midi/Duran Duran/Save a Prayer.mid,synthpop_data/processed/melodies_all/Duran_Duran__Save_a_Prayer.mid,0,Acoustic Grand Piano,PatMc007@aol.com    ,484,67.66735537190083,113.00009605008168
Duran Duran,The Chauffeur.1.mid,data/clean_midi/Duran Duran/The Chauffeur.1.mid,synthpop_data/processed/melodies_all/Duran_Duran__The_Chauffeur.1.mid,74,Recorder,SOLO,321,82.02180685358256,82.00003553334875
Duran Duran,The Chauffeur.mid,data/clean_midi/Duran Duran/The Chauffeur.mid,synthpop_data/processed/melodies_all/Duran_Duran__The_Chauffeur.mid,100,FX 5 (brightness),Vocal,325,69.87384615384616,89.99995500002248
Duran Duran,The Reflex.1.mid,data/clean_midi/Duran Duran/The Reflex.1.mid,synthpop_data/processed/melodies_all/Duran_Duran__The_Reflex.1.mid,53,Voice Oohs,Voice Ooohs         ,106,59.68867924528302,122.99996925000768
Duran Duran,The Reflex.2.mid,data/clean_midi/Duran Duran/The Reflex.2.mid,synthpop_data/processed/melodies_all/Duran_Duran__The_Reflex.2.mid,53,Voice Oohs,Voice Ooohs         ,106,59.68867924528302,122.99996925000768
Duran Duran,The Reflex.mid,data/clean_midi/Duran Duran/The Reflex.mid,synthpop_data/processed/melodies_all/Duran_Duran__The_Reflex.mid,53,Voice Oohs,Voice Ooohs         ,106,59.68867924528302,123.00022140039852
Duran Duran,The Wild Boys.1.mid,data/clean_midi/Duran Duran/The Wild Boys.1.mid,synthpop_data/processed/melodies_all/Duran_Duran__The_Wild_Boys.1.mid,62,Synth Brass 1,,351,54.88034188034188,116.99988885010558
Duran Duran,The Wild Boys.mid,data/clean_midi/Duran Duran/The Wild Boys.mid,synthpop_data/processed/melodies_all/Duran_Duran__The_Wild_Boys.mid,61,Brass Section,,351,54.88034188034188,116.99988885010558
Duran Duran,Union of the Snake.1.mid,data/clean_midi/Duran Duran/Union of the Snake.1.mid,synthpop_data/processed/melodies_all/Duran_Duran__Union_of_the_Snake.1.mid,66,Tenor Sax,,171,74.47953216374269,107.5000143750036
Duran Duran,Union of the Snake.mid,data/clean_midi/Duran Duran/Union of the Snake.mid,synthpop_data/processed/melodies_all/Duran_Duran__Union_of_the_Snake.mid,66,Tenor Sax,,171,74.47953216374269,117.5000143750036
Erasure,A Little Respect.1.mid,data/clean_midi/Erasure/A Little Respect.1.mid,synthpop_data/processed/melodies_all/Erasure__A_Little_Respect.1.mid,71,Clarinet,Clarinet,338,72.5828402366864,113.99995440001828
Erasure,A Little Respect.2.mid,data/clean_midi/Erasure/A Little Respect.2.mid,synthpop_data/processed/melodies_all/Erasure__A_Little_Respect.2.mid,71,Clarinet,CLARINET,338,72.5828402366864,114.00125401379417
Erasure,A Little Respect.3.mid,data/clean_midi/Erasure/A Little Respect.3.mid,synthpop_data/processed/melodies_all/Erasure__A_Little_Respect.3.mid,80,Lead 1 (square),,345,72.54782608695652,114.00017100025649
Erasure,A Little Respect.4.mid,data/clean_midi/Erasure/A Little Respect.4.mid,synthpop_data/processed/melodies_all/Erasure__A_Little_Respect.4.mid,80,Lead 1 (square),Lead - Square Wave,345,72.54782608695652,114.00017100025649
Erasure,A Little Respect.mid,data/clean_midi/Erasure/A Little Respect.mid,synthpop_data/processed/melodies_all/Erasure__A_Little_Respect.mid,71,Clarinet,Clarinet,338,72.5828402366864,114.00017100025649
Erasure,Abba-Esque (Take a Chance On Me).mid,data/clean_midi/Erasure/Abba-Esque (Take a Chance On Me).mid,synthpop_data/processed/melodies_all/Erasure__Abba-Esque_(Take_a_Chance_On_Me).mid,24,Acoustic Guitar (nylon),MELODY,557,67.53680430879713,122.00180562672328
Erasure,Always.1.mid,data/clean_midi/Erasure/Always.1.mid,synthpop_data/processed/melodies_all/Erasure__Always.1.mid,87,Lead 8 (bass + lead),Lead 8 (bass + lead),843,59.77461447212337,104.00001386666852
Erasure,Always.2.mid,data/clean_midi/Erasure/Always.2.mid,synthpop_data/processed/melodies_all/Erasure__Always.2.mid,87,Lead 8 (bass + lead),Lead 8 (bass + lead),843,59.77461447212337,104.00001386666852
Erasure,Always.3.mid,data/clean_midi/Erasure/Always.3.mid,synthpop_data/processed/melodies_all/Erasure__Always.3.mid,54,Synth Choir,,84,71.3452380952381,104.00001386666852
Erasure,Always.mid,data/clean_midi/Erasure/Always.mid,synthpop_data/processed/melodies_all/Erasure__Always.mid,82,Lead 3 (calliope),MELODY,303,62.25082508250825,103.00075533887248
Erasure,Blue Savannah.1.mid,data/clean_midi/Erasure/Blue Savannah.1.mid,synthpop_data/processed/melodies_all/Erasure__Blue_Savannah.1.mid,88,Pad 1 (new age),Pad 1 (new age),322,71.84782608695652,135.000135000135
Erasure,Blue Savannah.2.mid,data/clean_midi/Erasure/Blue Savannah.2.mid,synthpop_data/processed/melodies_all/Erasure__Blue_Savannah.2.mid,88,Pad 1 (new age),FANTASIA,322,71.84782608695652,135.00135001350014
Erasure,Blue Savannah.mid,data/clean_midi/Erasure/Blue Savannah.mid,synthpop_data/processed/melodies_all/Erasure__Blue_Savannah.mid,88,Pad 1 (new age),Pad 1 (new age),322,71.84782608695652,135.000135000135
Erasure,Breath of Life.1.mid,data/clean_midi/Erasure/Breath of Life.1.mid,synthpop_data/processed/melodies_all/Erasure__Breath_of_Life.1.mid,99,FX 4 (atmosphere),Voice,278,59.83093525179856,132.9999468000213
Erasure,Breath of Life.2.mid,data/clean_midi/Erasure/Breath of Life.2.mid,synthpop_data/processed/melodies_all/Erasure__Breath_of_Life.2.mid,3,Honky-tonk Piano,,136,77.86764705882354,132.9999468000213
Erasure,Breath of Life.mid,data/clean_midi/Erasure/Breath of Life.mid,synthpop_data/processed/melodies_all/Erasure__Breath_of_Life.mid,81,Lead 2 (sawtooth),Ch  3   ,100,66.4,132.000132000132
Erasure,Chains of Love.1.mid,data/clean_midi/Erasure/Chains of Love.1.mid,synthpop_data/processed/melodies_all/Erasure__Chains_of_Love.1.mid,80,Lead 1 (square),Lead 1 (square),143,74.55244755244755,105.50012140014206
Erasure,Chains of Love.2.mid,data/clean_midi/Erasure/Chains of Love.2.mid,synthpop_data/processed/melodies_all/Erasure__Chains_of_Love.2.mid,80,Lead 1 (square),Lead 1 (square),143,74.55244755244755,105.50012140014206
Erasure,Chains of Love.3.mid,data/clean_midi/Erasure/Chains of Love.3.mid,synthpop_data/processed/melodies_all/Erasure__Chains_of_Love.3.mid,80,Lead 1 (square),SQUAREWAVE,143,74.55244755244755,105.50151185504536
Erasure,Chains of Love.mid,data/clean_midi/Erasure/Chains of Love.mid,synthpop_data/processed/melodies_all/Erasure__Chains_of_Love.mid,80,Lead 1 (square),,143,74.55244755244755,105.50012140014206
Erasure,Fingers & Thumbs (Cold Summer's Day).1.mid,data/clean_midi/Erasure/Fingers & Thumbs (Cold Summer's Day).1.mid,synthpop_data/processed/melodies_all/Erasure__Fingers_&_Thumbs_(Cold_Summer's_Day).1.mid,81,Lead 2 (sawtooth),Lead 2 (sawtooth),394,62.276649746192895,125.0
Erasure,Fingers & Thumbs (Cold Summer's Day).mid,data/clean_midi/Erasure/Fingers & Thumbs (Cold Summer's Day).mid,synthpop_data/processed/melodies_all/Erasure__Fingers_&_Thumbs_(Cold_Summer's_Day).mid,81,Lead 2 (sawtooth),Lead 2 (sawtooth),394,62.276649746192895,125.0
Erasure,Glass Angel.mid,data/clean_midi/Erasure/Glass Angel.mid,synthpop_data/processed/melodies_all/Erasure__Glass_Angel.mid,80,Lead 1 (square),Distortion Guitar / Lead 1 (square),217,72.56221198156682,120.0
Erasure,Home.1.mid,data/clean_midi/Erasure/Home.1.mid,synthpop_data/processed/melodies_all/Erasure__Home.1.mid,71,Clarinet,Clarinet,282,66.50709219858156,107.5000143750036
Erasure,Home.mid,data/clean_midi/Erasure/Home.mid,synthpop_data/processed/melodies_all/Erasure__Home.mid,71,Clarinet,Clarinet,282,66.50709219858156,107.5000143750036
Erasure,I Love Saturday.mid,data/clean_midi/Erasure/I Love Saturday.mid,synthpop_data/processed/melodies_all/Erasure__I_Love_Saturday.mid,63,Synth Brass 2,Synth Brass 2,758,67.9221635883905,130.00013000013
Erasure,Magic Moments.1.mid,data/clean_midi/Erasure/Magic Moments.1.mid,synthpop_data/processed/melodies_all/Erasure__Magic_Moments.1.mid,71,Clarinet,Clarinet,198,67.57575757575758,156.00015600015604
Erasure,Magic Moments.mid,data/clean_midi/Erasure/Magic Moments.mid,synthpop_data/processed/melodies_all/Erasure__Magic_Moments.mid,71,Clarinet,Clarinet,198,67.57575757575758,156.00015600015604
Erasure,Man in the Moon.1.mid,data/clean_midi/Erasure/Man in the Moon.1.mid,synthpop_data/processed/melodies_all/Erasure__Man_in_the_Moon.1.mid,80,Lead 1 (square),Lead 1 (square),202,81.11881188118812,118.00013373348489
Erasure,Man in the Moon.mid,data/clean_midi/Erasure/Man in the Moon.mid,synthpop_data/processed/melodies_all/Erasure__Man_in_the_Moon.mid,80,Lead 1 (square),Lead 1 (square),202,81.11881188118812,118.00013373348489
Erasure,Miracle.mid,data/clean_midi/Erasure/Miracle.mid,synthpop_data/processed/melodies_all/Erasure__Miracle.mid,80,Lead 1 (square),Lead 1 (square),192,78.5,120.0
Erasure,Oh L'Amour.mid,data/clean_midi/Erasure/Oh L'Amour.mid,synthpop_data/processed/melodies_all/Erasure__Oh_L'Amour.mid,88,Pad 1 (new age),Pad 1 (new age),287,71.1602787456446,82.00003553334875
Erasure,Oh Lamour.mid,data/clean_midi/Erasure/Oh Lamour.mid,synthpop_data/processed/melodies_all/Erasure__Oh_Lamour.mid,88,Pad 1 (new age),Pad 1 (new age),287,71.1602787456446,82.00003553334875
Erasure,Siren Song.mid,data/clean_midi/Erasure/Siren Song.mid,synthpop_data/processed/melodies_all/Erasure__Siren_Song.mid,71,Clarinet,Clarinet,356,66.1067415730337,92.00012880018032
Erasure,So the Story Goes.mid,data/clean_midi/Erasure/So the Story Goes.mid,synthpop_data/processed/melodies_all/Erasure__So_the_Story_Goes.mid,85,Lead 6 (voice),Lead 6 (voice),326,71.70858895705521,97.5000975000975
Erasure,Sometimes (12'' mix).mid,data/clean_midi/Erasure/Sometimes (12'' mix).mid,synthpop_data/processed/melodies_all/Erasure__Sometimes_(12''_mix).mid,62,Synth Brass 1,WinJammer Demo,345,71.94492753623189,130.00013000013
Erasure,Sometimes.mid,data/clean_midi/Erasure/Sometimes.mid,synthpop_data/processed/melodies_all/Erasure__Sometimes.mid,47,Timpani,WinJammer Demo,180,75.13333333333334,108.000108000108
Erasure,Star.mid,data/clean_midi/Erasure/Star.mid,synthpop_data/processed/melodies_all/Erasure__Star.mid,81,Lead 2 (sawtooth),Lead 2 (sawtooth),1375,61.528727272727274,123.00022140039852
Erasure,Stop!.1.mid,data/clean_midi/Erasure/Stop!.1.mid,synthpop_data/processed/melodies_all/Erasure__Stop!.1.mid,81,Lead 2 (sawtooth),Lead 2 (sawtooth),98,61.91836734693877,120.0
Erasure,Stop!.mid,data/clean_midi/Erasure/Stop!.mid,synthpop_data/processed/melodies_all/Erasure__Stop!.mid,81,Lead 2 (sawtooth),Lead 2 (sawtooth),98,61.91836734693877,120.0
Erasure,Take Me Back.1.mid,data/clean_midi/Erasure/Take Me Back.1.mid,synthpop_data/processed/melodies_all/Erasure__Take_Me_Back.1.mid,12,Marimba,MARIMBA,180,67.84444444444445,83.00032168874807
Erasure,Take Me Back.mid,data/clean_midi/Erasure/Take Me Back.mid,synthpop_data/processed/melodies_all/Erasure__Take_Me_Back.mid,88,Pad 1 (new age),Pad 1 (new age),387,75.76485788113695,81.50005826671487
Eurythmics,Don't Ask Me Why.mid,data/clean_midi/Eurythmics/Don't Ask Me Why.mid,synthpop_data/processed/melodies_all/Eurythmics__Don't_Ask_Me_Why.mid,0,Acoustic Grand Piano,MELODY,321,75.07165109034268,118.0010620095581
Eurythmics,Here Comes the Rain Again.1.mid,data/clean_midi/Eurythmics/Here Comes the Rain Again.1.mid,synthpop_data/processed/melodies_all/Eurythmics__Here_Comes_the_Rain_Again.1.mid,40,Violin,,282,75.48581560283688,126.00012600012602
Eurythmics,Here Comes the Rain Again.2.mid,data/clean_midi/Eurythmics/Here Comes the Rain Again.2.mid,synthpop_data/processed/melodies_all/Eurythmics__Here_Comes_the_Rain_Again.2.mid,75,Pan Flute,MELODY,364,72.68681318681318,126.00012600012602
Eurythmics,Here Comes the Rain Again.3.mid,data/clean_midi/Eurythmics/Here Comes the Rain Again.3.mid,synthpop_data/processed/melodies_all/Eurythmics__Here_Comes_the_Rain_Again.3.mid,75,Pan Flute,HERE COMES THE RAIN AGAIN,364,72.68681318681318,126.000126000126
Eurythmics,Here Comes the Rain Again.4.mid,data/clean_midi/Eurythmics/Here Comes the Rain Again.4.mid,synthpop_data/processed/melodies_all/Eurythmics__Here_Comes_the_Rain_Again.4.mid,40,Violin,,282,75.48581560283688,126.00012600012602
Eurythmics,Here Comes the Rain Again.mid,data/clean_midi/Eurythmics/Here Comes the Rain Again.mid,synthpop_data/processed/melodies_all/Eurythmics__Here_Comes_the_Rain_Again.mid,40,Violin,"Rain Again""",282,75.48581560283688,126.00012600012602
Eurythmics,I Saved the World Today.mid,data/clean_midi/Eurythmics/I Saved the World Today.mid,synthpop_data/processed/melodies_all/Eurythmics__I_Saved_the_World_Today.mid,53,Voice Oohs,,140,82.62142857142857,120.0
Eurythmics,It's Alright (Baby's Coming Back).mid,data/clean_midi/Eurythmics/It's Alright (Baby's Coming Back).mid,synthpop_data/processed/melodies_all/Eurythmics__It's_Alright_(Baby's_Coming_Back).mid,56,Trumpet,TRUMPET,224,71.95982142857143,96.0
Eurythmics,Love Is a Stranger.1.mid,data/clean_midi/Eurythmics/Love Is a Stranger.1.mid,synthpop_data/processed/melodies_all/Eurythmics__Love_Is_a_Stranger.1.mid,71,Clarinet,CLARINET,211,52.29857819905213,124.000248000496
Eurythmics,Love Is a Stranger.mid,data/clean_midi/Eurythmics/Love Is a Stranger.mid,synthpop_data/processed/melodies_all/Eurythmics__Love_Is_a_Stranger.mid,48,String Ensemble 1,Staff-7,332,68.37349397590361,106.00013780017916
Eurythmics,Missionary Man.mid,data/clean_midi/Eurythmics/Missionary Man.mid,synthpop_data/processed/melodies_all/Eurythmics__Missionary_Man.mid,0,Acoustic Grand Piano,MELODY,376,71.11968085106383,123.00123001230013
Eurythmics,Right by Your Side.mid,data/clean_midi/Eurythmics/Right by Your Side.mid,synthpop_data/processed/melodies_all/Eurythmics__Right_by_Your_Side.mid,56,Trumpet,Voice,141,65.06382978723404,85.00004250002125
Eurythmics,Sisters Are Doing It for Themselves.mid,data/clean_midi/Eurythmics/Sisters Are Doing It for Themselves.mid,synthpop_data/processed/melodies_all/Eurythmics__Sisters_Are_Doing_It_for_Themselves.mid,75,Pan Flute,MELODY,540,78.41111111111111,135.00135001350014
Eurythmics,Sweet Dreams.1.mid,data/clean_midi/Eurythmics/Sweet Dreams.1.mid,synthpop_data/processed/melodies_all/Eurythmics__Sweet_Dreams.1.mid,73,Flute,MELODY,391,74.07928388746804,124.000248000496
Eurythmics,Sweet Dreams.2.mid,data/clean_midi/Eurythmics/Sweet Dreams.2.mid,synthpop_data/processed/melodies_all/Eurythmics__Sweet_Dreams.2.mid,75,Pan Flute,,391,74.07928388746804,123.99999173333389
Eurythmics,Sweet Dreams.3.mid,data/clean_midi/Eurythmics/Sweet Dreams.3.mid,synthpop_data/processed/melodies_all/Eurythmics__Sweet_Dreams.3.mid,53,Voice Oohs,,282,59.43617021276596,120.01008084679113
Eurythmics,Sweet Dreams.mid,data/clean_midi/Eurythmics/Sweet Dreams.mid,synthpop_data/processed/melodies_all/Eurythmics__Sweet_Dreams.mid,53,Voice Oohs,"from their album,",628,56.99363057324841,126.00012600012602
Eurythmics,There Must Be an Angel (Playing With My Heart).1.mid,data/clean_midi/Eurythmics/There Must Be an Angel (Playing With My Heart).1.mid,synthpop_data/processed/melodies_all/Eurythmics__There_Must_Be_an_Angel_(Playing_With_My_Heart).1.mid,75,Pan Flute,MELODY,529,77.52551984877127,112.00089600716802
Eurythmics,There Must Be an Angel (Playing With My Heart).2.mid,data/clean_midi/Eurythmics/There Must Be an Angel (Playing With My Heart).2.mid,synthpop_data/processed/melodies_all/Eurythmics__There_Must_Be_an_Angel_(Playing_With_My_Heart).2.mid,54,Synth Choir,,205,73.68780487804878,110.00011000011
Eurythmics,There Must Be an Angel (Playing With My Heart).mid,data/clean_midi/Eurythmics/There Must Be an Angel (Playing With My Heart).mid,synthpop_data/processed/melodies_all/Eurythmics__There_Must_Be_an_Angel_(Playing_With_My_Heart).mid,54,Synth Choir,,205,73.68780487804878,110.00011000011
Eurythmics,Who's That Girl.1.mid,data/clean_midi/Eurythmics/Who's That Girl.1.mid,synthpop_data/processed/melodies_all/Eurythmics__Who's_That_Girl.1.mid,62,Synth Brass 1,SYNBRASS ,124,61.725806451612904,120.0
Eurythmics,Would I Lie To You?.1.mid,data/clean_midi/Eurythmics/Would I Lie To You?.1.mid,synthpop_data/processed/melodies_all/Eurythmics__Would_I_Lie_To_You?.1.mid,73,Flute,MELODY,420,79.85714285714286,132.00158401900822
Eurythmics,Would I Lie To You?.mid,data/clean_midi/Eurythmics/Would I Lie To You?.mid,synthpop_data/processed/melodies_all/Eurythmics__Would_I_Lie_To_You?.mid,73,Flute,,420,79.85714285714286,132.000132000132
Frankie Goes to Hollywood,Relax (Frankie Goes to Dreamscape).1.mid,data/clean_midi/Frankie Goes to Hollywood/Relax (Frankie Goes to Dreamscape).1.mid,synthpop_data/processed/melodies_all/Frankie_Goes_to_Hollywood__Relax_(Frankie_Goes_to_Dreamscape).1.mid,81,Lead 2 (sawtooth),MELODY,281,74.97508896797153,122.00180562672328
Frankie Goes to Hollywood,Relax (Frankie Goes to Dreamscape).mid,data/clean_midi/Frankie Goes to Hollywood/Relax (Frankie Goes to Dreamscape).mid,synthpop_data/processed/melodies_all/Frankie_Goes_to_Hollywood__Relax_(Frankie_Goes_to_Dreamscape).mid,81,Lead 2 (sawtooth),MELODY,281,74.97508896797153,122.00180562672328
Frankie Goes to Hollywood,Relax.1.mid,data/clean_midi/Frankie Goes to Hollywood/Relax.1.mid,synthpop_data/processed/melodies_all/Frankie_Goes_to_Hollywood__Relax.1.mid,48,String Ensemble 1,Ch 11   ,280,63.457142857142856,117.000117000117
Frankie Goes to Hollywood,Relax.2.mid,data/clean_midi/Frankie Goes to Hollywood/Relax.2.mid,synthpop_data/processed/melodies_all/Frankie_Goes_to_Hollywood__Relax.2.mid,82,Lead 3 (calliope),untitled,356,75.51685393258427,113.99995440001824
Frankie Goes to Hollywood,Relax.3.mid,data/clean_midi/Frankie Goes to Hollywood/Relax.3.mid,synthpop_data/processed/melodies_all/Frankie_Goes_to_Hollywood__Relax.3.mid,85,Lead 6 (voice),5062RELA,347,62.61671469740634,121.00189569636592
Frankie Goes to Hollywood,Relax.4.mid,data/clean_midi/Frankie Goes to Hollywood/Relax.4.mid,synthpop_data/processed/melodies_all/Frankie_Goes_to_Hollywood__Relax.4.mid,52,Choir Aahs,CHOIR AAHS,146,54.74657534246575,115.00201253521936
Frankie Goes to Hollywood,Relax.mid,data/clean_midi/Frankie Goes to Hollywood/Relax.mid,synthpop_data/processed/melodies_all/Frankie_Goes_to_Hollywood__Relax.mid,65,Alto Sax,0139RELX,313,63.150159744408946,116.00030933415822
Frankie Goes to Hollywood,The Power of Love.mid,data/clean_midi/Frankie Goes to Hollywood/The Power of Love.mid,synthpop_data/processed/melodies_all/Frankie_Goes_to_Hollywood__The_Power_of_Love.mid,10,Music Box,Midi 1,296,73.45608108108108,94.99950417369088
Garbage,Hammering in My Head.mid,data/clean_midi/Garbage/Hammering in My Head.mid,synthpop_data/processed/melodies_all/Garbage__Hammering_in_My_Head.mid,54,Synth Choir,,536,57.91417910447761,145.00003625000906
Garbage,I Think I'm Paranoid.mid,data/clean_midi/Garbage/I Think I'm Paranoid.mid,synthpop_data/processed/melodies_all/Garbage__I_Think_I'm_Paranoid.mid,80,Lead 1 (square),Vocals,277,61.05054151624549,115.0000287500072
Garbage,Medication.mid,data/clean_midi/Garbage/Medication.mid,synthpop_data/processed/melodies_all/Garbage__Medication.mid,54,Synth Choir,Shirley Manson,321,60.23364485981308,82.49999286668933
Garbage,Milk.mid,data/clean_midi/Garbage/Milk.mid,synthpop_data/processed/melodies_all/Garbage__Milk.mid,85,Lead 6 (voice),,197,73.6497461928934,94.00012846684224
Garbage,No. 1 Crush.mid,data/clean_midi/Garbage/No. 1 Crush.mid,synthpop_data/processed/melodies_all/Garbage__No._1_Crush.mid,52,Choir Aahs,Oooh/Aaah,96,67.04166666666667,93.99998120000376
Garbage,Not My Idea.mid,data/clean_midi/Garbage/Not My Idea.mid,synthpop_data/processed/melodies_all/Garbage__Not_My_Idea.mid,65,Alto Sax,Vocals,492,60.27235772357724,100.0
Garbage,Only Happy When It Rains.1.mid,data/clean_midi/Garbage/Only Happy When It Rains.1.mid,synthpop_data/processed/melodies_all/Garbage__Only_Happy_When_It_Rains.1.mid,54,Synth Choir,,357,61.65266106442577,120.0
Garbage,Push It.1.mid,data/clean_midi/Garbage/Push It.1.mid,synthpop_data/processed/melodies_all/Garbage__Push_It.1.mid,87,Lead 8 (bass + lead),,112,57.232142857142854,123.99999173333389
Garbage,Push It.mid,data/clean_midi/Garbage/Push It.mid,synthpop_data/processed/melodies_all/Garbage__Push_It.mid,87,Lead 8 (bass + lead),,112,57.232142857142854,123.99999173333389
Garbage,Queer.1.mid,data/clean_midi/Garbage/Queer.1.mid,synthpop_data/processed/melodies_all/Garbage__Queer.1.mid,53,Voice Oohs,QUEER by Garbage,657,60.42313546423136,100.0
Garbage,Queer.mid,data/clean_midi/Garbage/Queer.mid,synthpop_data/processed/melodies_all/Garbage__Queer.mid,65,Alto Sax,Shirley Manson,376,60.21010638297872,90.00009000009
Garbage,Sleep Together.mid,data/clean_midi/Garbage/Sleep Together.mid,synthpop_data/processed/melodies_all/Garbage__Sleep_Together.mid,54,Synth Choir,Vocals,462,62.64935064935065,130.00013000013
Garbage,Special.1.mid,data/clean_midi/Garbage/Special.1.mid,synthpop_data/processed/melodies_all/Garbage__Special.1.mid,54,Synth Choir,off their second,323,72.85448916408669,140.00014000014
Garbage,Special.mid,data/clean_midi/Garbage/Special.mid,synthpop_data/processed/melodies_all/Garbage__Special.mid,54,Synth Choir,off their second,323,72.85448916408669,140.00014000014
Garbage,Stupid Girl.1.mid,data/clean_midi/Garbage/Stupid Girl.1.mid,synthpop_data/processed/melodies_all/Garbage__Stupid_Girl.1.mid,81,Lead 2 (sawtooth),,254,59.26377952755905,120.0
Garbage,Stupid Girl.2.mid,data/clean_midi/Garbage/Stupid Girl.2.mid,synthpop_data/processed/melodies_all/Garbage__Stupid_Girl.2.mid,54,Synth Choir,Voice,254,59.26377952755905,120.0
Garbage,Stupid Girl.mid,data/clean_midi/Garbage/Stupid Girl.mid,synthpop_data/processed/melodies_all/Garbage__Stupid_Girl.mid,54,Synth Choir,Voice,254,59.26377952755905,120.0
Garbage,Temptation Waits.mid,data/clean_midi/Garbage/Temptation Waits.mid,synthpop_data/processed/melodies_all/Garbage__Temptation_Waits.mid,52,Choir Aahs,chenley@jazzline.net.au,426,66.45539906103286,125.0
Garbage,The World Is Not Enough.mid,data/clean_midi/Garbage/The World Is Not Enough.mid,synthpop_data/processed/melodies_all/Garbage__The_World_Is_Not_Enough.mid,65,Alto Sax,Voice (tune),258,60.99612403100775,86.00005160003096
Garbage,When I Grow Up.mid,data/clean_midi/Garbage/When I Grow Up.mid,synthpop_data/processed/melodies_all/Garbage__When_I_Grow_Up.mid,80,Lead 1 (square),,654,69.42507645259938,130.00013000013
Garbage,You Look So Fine.mid,data/clean_midi/Garbage/You Look So Fine.mid,synthpop_data/processed/melodies_all/Garbage__You_Look_So_Fine.mid,54,Synth Choir,,293,58.28327645051195,100.0
Howard Jones,Life in One Day.mid,data/clean_midi/Howard Jones/Life in One Day.mid,synthpop_data/processed/melodies_all/Howard_Jones__Life_in_One_Day.mid,81,Lead 2 (sawtooth),,810,65.22222222222223,112.0000597333652
Howard Jones,Things Can Only Get Better.1.mid,data/clean_midi/Howard Jones/Things Can Only Get Better.1.mid,synthpop_data/processed/melodies_all/Howard_Jones__Things_Can_Only_Get_Better.1.mid,61,Brass Section,System,470,67.11063829787234,124.00024800102562
Howard Jones,Things Can Only Get Better.mid,data/clean_midi/Howard Jones/Things Can Only Get Better.mid,synthpop_data/processed/melodies_all/Howard_Jones__Things_Can_Only_Get_Better.mid,81,Lead 2 (sawtooth),BRASS/SYN,445,72.59550561797752,112.00089600716802
INXS,Bitter Tears.mid,data/clean_midi/INXS/Bitter Tears.mid,synthpop_data/processed/melodies_all/INXS__Bitter_Tears.mid,24,Acoustic Guitar (nylon),MELODY,345,61.846376811594205,120.0
INXS,Disappear.mid,data/clean_midi/INXS/Disappear.mid,synthpop_data/processed/melodies_all/INXS__Disappear.mid,24,Acoustic Guitar (nylon),MELODY,678,64.43952802359883,120.0
INXS,Need You Tonight.mid,data/clean_midi/INXS/Need You Tonight.mid,synthpop_data/processed/melodies_all/INXS__Need_You_Tonight.mid,26,Electric Guitar (jazz),JAZZ GTR,530,61.38867924528302,120.0
INXS,Never Tear Us Apart.1.mid,data/clean_midi/INXS/Never Tear Us Apart.1.mid,synthpop_data/processed/melodies_all/INXS__Never_Tear_Us_Apart.1.mid,4,Electric Piano 1,E.PIANO 1,1664,63.69951923076923,120.0
INXS,New Sensation.mid,data/clean_midi/INXS/New Sensation.mid,synthpop_data/processed/melodies_all/INXS__New_Sensation.mid,62,Synth Brass 1,SYNBRASS 1,264,62.35227272727273,113.00073450477429
INXS,Not Enough Time.mid,data/clean_midi/INXS/Not Enough Time.mid,synthpop_data/processed/melodies_all/INXS__Not_Enough_Time.mid,73,Flute,MELODY,356,65.57303370786516,96.0
INXS,Taste It.mid,data/clean_midi/INXS/Taste It.mid,synthpop_data/processed/melodies_all/INXS__Taste_It.mid,84,Lead 5 (charang),0456TAST,190,55.17368421052632,114.50327693459649
INXS,The Swing.1.mid,data/clean_midi/INXS/The Swing.1.mid,synthpop_data/processed/melodies_all/INXS__The_Swing.1.mid,81,Lead 2 (sawtooth),,230,71.26521739130435,122.99996925000768
INXS,The Swing.mid,data/clean_midi/INXS/The Swing.mid,synthpop_data/processed/melodies_all/INXS__The_Swing.mid,87,Lead 8 (bass + lead),Bass&Lead,824,67.83980582524272,123.00022140039852
INXS,What You Need.2.mid,data/clean_midi/INXS/What You Need.2.mid,synthpop_data/processed/melodies_all/INXS__What_You_Need.2.mid,61,Brass Section,BRASS 1,312,79.75641025641026,124.000248000496
New Order,Bizarre Love Triangle.1.mid,data/clean_midi/New Order/Bizarre Love Triangle.1.mid,synthpop_data/processed/melodies_all/New_Order__Bizarre_Love_Triangle.1.mid,87,Lead 8 (bass + lead),Bass&Lead,158,69.62025316455696,116.99988885010558
New Order,Bizarre Love Triangle.mid,data/clean_midi/New Order/Bizarre Love Triangle.mid,synthpop_data/processed/melodies_all/New_Order__Bizarre_Love_Triangle.mid,52,Choir Aahs,,501,66.59081836327346,118.00013373348489
New Order,Blue Monday.1.mid,data/clean_midi/New Order/Blue Monday.1.mid,synthpop_data/processed/melodies_all/New_Order__Blue_Monday.1.mid,80,Lead 1 (square),Electric Guitar 2,354,74.51129943502825,133.00024161710562
New Order,Blue Monday.3.mid,data/clean_midi/New Order/Blue Monday.3.mid,synthpop_data/processed/melodies_all/New_Order__Blue_Monday.3.mid,85,Lead 6 (voice),Voice,219,64.30593607305936,133.00024161710562
New Order,Blue Monday.mid,data/clean_midi/New Order/Blue Monday.mid,synthpop_data/processed/melodies_all/New_Order__Blue_Monday.mid,85,Lead 6 (voice),Voice               ,219,64.30593607305936,132.9999468000213
New Order,True Faith.mid,data/clean_midi/New Order/True Faith.mid,synthpop_data/processed/melodies_all/New_Order__True_Faith.mid,100,FX 5 (brightness),melody - brightness ,498,64.90963855421687,122.00006913337248
New Order,World.mid,data/clean_midi/New Order/World.mid,synthpop_data/processed/melodies_all/New_Order__World.mid,65,Alto Sax,World,264,57.65909090909091,123.500127000254
OMD,Enola Gay (OMD vs. Sash radio edit).1.mid,data/clean_midi/OMD/Enola Gay (OMD vs. Sash radio edit).1.mid,synthpop_data/processed/melodies_all/OMD__Enola_Gay_(OMD_vs._Sash_radio_edit).1.mid,87,Lead 8 (bass + lead),,134,67.5,142.0000710000355
OMD,Enola Gay (OMD vs. Sash radio edit).mid,data/clean_midi/OMD/Enola Gay (OMD vs. Sash radio edit).mid,synthpop_data/processed/melodies_all/OMD__Enola_Gay_(OMD_vs._Sash_radio_edit).mid,86,Lead 7 (fifths),Lead 7 (fifths),108,57.19444444444444,100.50001275000638
Pet Shop Boys,Always on My Mind   In My House.1.mid,data/clean_midi/Pet Shop Boys/Always on My Mind   In My House.1.mid,synthpop_data/processed/melodies_all/Pet_Shop_Boys__Always_on_My_Mind___In_My_House.1.mid,65,Alto Sax,always,234,58.29487179487179,124.000248000496
Pet Shop Boys,Always on My Mind   In My House.2.mid,data/clean_midi/Pet Shop Boys/Always on My Mind   In My House.2.mid,synthpop_data/processed/melodies_all/Pet_Shop_Boys__Always_on_My_Mind___In_My_House.2.mid,82,Lead 3 (calliope),Melody,223,69.99103139013452,121.00003456668624
Pet Shop Boys,Always on My Mind   In My House.4.mid,data/clean_midi/Pet Shop Boys/Always on My Mind   In My House.4.mid,synthpop_data/processed/melodies_all/Pet_Shop_Boys__Always_on_My_Mind___In_My_House.4.mid,65,Alto Sax,Always On,319,70.03448275862068,125.0
Pet Shop Boys,Always on My Mind   In My House.mid,data/clean_midi/Pet Shop Boys/Always on My Mind   In My House.mid,synthpop_data/processed/melodies_all/Pet_Shop_Boys__Always_on_My_Mind___In_My_House.mid,75,Pan Flute,MELODY,266,68.28947368421052,114.00125401379417
Pet Shop Boys,Always.mid,data/clean_midi/Pet Shop Boys/Always.mid,synthpop_data/processed/melodies_all/Pet_Shop_Boys__Always.mid,11,Vibraphone,Vibraphone,124,69.20161290322581,128.0
Pet Shop Boys,Before.mid,data/clean_midi/Pet Shop Boys/Before.mid,synthpop_data/processed/melodies_all/Pet_Shop_Boys__Before.mid,80,Lead 1 (square),06BEFORE,270,65.22222222222223,124.000248000496
Pet Shop Boys,Being Boring.mid,data/clean_midi/Pet Shop Boys/Being Boring.mid,synthpop_data/processed/melodies_all/Pet_Shop_Boys__Being_Boring.mid,0,Acoustic Grand Piano,,459,62.57516339869281,120.0
Pet Shop Boys,Can You Forgive Her.mid,data/clean_midi/Pet Shop Boys/Can You Forgive Her.mid,synthpop_data/processed/melodies_all/Pet_Shop_Boys__Can_You_Forgive_Her.mid,61,Brass Section,,128,63.3125,123.00022140039852
Pet Shop Boys,Domino Dancing.mid,data/clean_midi/Pet Shop Boys/Domino Dancing.mid,synthpop_data/processed/melodies_all/Pet_Shop_Boys__Domino_Dancing.mid,73,Flute,MELODY,336,70.9702380952381,110.0009166743056
Pet Shop Boys,Go West.1.mid,data/clean_midi/Pet Shop Boys/Go West.1.mid,synthpop_data/processed/melodies_all/Pet_Shop_Boys__Go_West.1.mid,54,Synth Choir,Melody,431,70.47099767981439,115.0000287500072
Pet Shop Boys,Go West.2.mid,data/clean_midi/Pet Shop Boys/Go West.2.mid,synthpop_data/processed/melodies_all/Pet_Shop_Boys__Go_West.2.mid,60,French Horn,FR.HORN,255,69.7764705882353,120.0
Pet Shop Boys,Go West.3.mid,data/clean_midi/Pet Shop Boys/Go West.3.mid,synthpop_data/processed/melodies_all/Pet_Shop_Boys__Go_West.3.mid,0,Acoustic Grand Piano,leadsynth,270,70.29629629629629,115.00002875000716
Pet Shop Boys,Go West.4.mid,data/clean_midi/Pet Shop Boys/Go West.4.mid,synthpop_data/processed/melodies_all/Pet_Shop_Boys__Go_West.4.mid,80,Lead 1 (square),Melody,431,70.47099767981439,115.00002875000716
Pet Shop Boys,Go West.5.mid,data/clean_midi/Pet Shop Boys/Go West.5.mid,synthpop_data/processed/melodies_all/Pet_Shop_Boys__Go_West.5.mid,60,French Horn,HitBit  ,234,71.52991452991454,120.0
Pet Shop Boys,Go West.6.mid,data/clean_midi/Pet Shop Boys/Go West.6.mid,synthpop_data/processed/melodies_all/Pet_Shop_Boys__Go_West.6.mid,103,FX 8 (sci-fi),leadsynth,270,70.29629629629629,120.0
Pet Shop Boys,Go West.mid,data/clean_midi/Pet Shop Boys/Go West.mid,synthpop_data/processed/melodies_all/Pet_Shop_Boys__Go_West.mid,0,Acoustic Grand Piano,,308,70.07467532467533,120.0
Pet Shop Boys,Heart.1.mid,data/clean_midi/Pet Shop Boys/Heart.1.mid,synthpop_data/processed/melodies_all/Pet_Shop_Boys__Heart.1.mid,52,Choir Aahs,CHOIR AAHS,292,67.3972602739726,126.00012600012602
Pet Shop Boys,Heart.mid,data/clean_midi/Pet Shop Boys/Heart.mid,synthpop_data/processed/melodies_all/Pet_Shop_Boys__Heart.mid,52,Choir Aahs,Choir Aahs,292,67.3972602739726,126.000126000126
Pet Shop Boys,I Wouldnt Normally Do This Kind of Thing.mid,data/clean_midi/Pet Shop Boys/I Wouldnt Normally Do This Kind of Thing.mid,synthpop_data/processed/melodies_all/Pet_Shop_Boys__I_Wouldnt_Normally_Do_This_Kind_of_Thing.mid,68,Oboe,Brass,136,72.1470588235294,134.00005806669182
Pet Shop Boys,It's Alright.mid,data/clean_midi/Pet Shop Boys/It's Alright.mid,synthpop_data/processed/melodies_all/Pet_Shop_Boys__It's_Alright.mid,60,French Horn,FR.HORN,514,74.12451361867704,120.0
Pet Shop Boys,It's a Sin.1.mid,data/clean_midi/Pet Shop Boys/It's a Sin.1.mid,synthpop_data/processed/melodies_all/Pet_Shop_Boys__It's_a_Sin.1.mid,87,Lead 8 (bass + lead),Syn Brass       ,278,73.23021582733813,127.500065000065
Pet Shop Boys,It's a Sin.3.mid,data/clean_midi/Pet Shop Boys/It's a Sin.3.mid,synthpop_data/processed/melodies_all/Pet_Shop_Boys__It's_a_Sin.3.mid,62,Synth Brass 1,SYNBRASS 1,373,64.10455764075067,128.0
Pet Shop Boys,It's a Sin.4.mid,data/clean_midi/Pet Shop Boys/It's a Sin.4.mid,synthpop_data/processed/melodies_all/Pet_Shop_Boys__It's_a_Sin.4.mid,87,Lead 8 (bass + lead),,278,73.23021582733813,127.500065000065
Pet Shop Boys,It's a Sin.mid,data/clean_midi/Pet Shop Boys/It's a Sin.mid,synthpop_data/processed/melodies_all/Pet_Shop_Boys__It's_a_Sin.mid,57,Trombone,,473,76.53699788583509,126.00012600012602
Pet Shop Boys,Liberation.1.mid,data/clean_midi/Pet Shop Boys/Liberation.1.mid,synthpop_data/processed/melodies_all/Pet_Shop_Boys__Liberation.1.mid,73,Flute,,223,60.493273542600896,107.00012661681652
Pet Shop Boys,Liberation.mid,data/clean_midi/Pet Shop Boys/Liberation.mid,synthpop_data/processed/melodies_all/Pet_Shop_Boys__Liberation.mid,73,Flute,MELODY,223,60.493273542600896,107.00146235331884
Pet Shop Boys,Paninaro '95.1.mid,data/clean_midi/Pet Shop Boys/Paninaro '95.1.mid,synthpop_data/processed/melodies_all/Pet_Shop_Boys__Paninaro_'95.1.mid,53,Voice Oohs,PANINAR ,217,60.244239631336406,124.000248000496
Pet Shop Boys,Paninaro '95.mid,data/clean_midi/Pet Shop Boys/Paninaro '95.mid,synthpop_data/processed/melodies_all/Pet_Shop_Boys__Paninaro_'95.mid,53,Voice Oohs,PANINAR ,217,60.244239631336406,124.000248000496
Pet Shop Boys,Se a Vida E (That's the Way Life Is).1.mid,data/clean_midi/Pet Shop Boys/Se a Vida E (That's the Way Life Is).1.mid,synthpop_data/processed/melodies_all/Pet_Shop_Boys__Se_a_Vida_E_(That's_the_Way_Life_Is).1.mid,75,Pan Flute,Vocal,566,71.726148409894,91.99998773333496
Pet Shop Boys,Se a Vida E (That's the Way Life Is).mid,data/clean_midi/Pet Shop Boys/Se a Vida E (That's the Way Life Is).mid,synthpop_data/processed/melodies_all/Pet_Shop_Boys__Se_a_Vida_E_(That's_the_Way_Life_Is).mid,71,Clarinet,,433,59.0554272517321,93.00004185001885
Pet Shop Boys,So Hard.1.mid,data/clean_midi/Pet Shop Boys/So Hard.1.mid,synthpop_data/processed/melodies_all/Pet_Shop_Boys__So_Hard.1.mid,52,Choir Aahs,CHOIR AAHS,393,57.15521628498728,124.000248000496
Pet Shop Boys,So Hard.mid,data/clean_midi/Pet Shop Boys/So Hard.mid,synthpop_data/processed/melodies_all/Pet_Shop_Boys__So_Hard.mid,52,Choir Aahs,Choir Aahs,393,57.15521628498728,124.000248000496
Pet Shop Boys,West End Girls.1.mid,data/clean_midi/Pet Shop Boys/West End Girls.1.mid,synthpop_data/processed/melodies_all/Pet_Shop_Boys__West_End_Girls.1.mid,66,Tenor Sax,,157,58.64331210191083,114.0001710002565
Pet Shop Boys,West End Girls.2.mid,data/clean_midi/Pet Shop Boys/West End Girls.2.mid,synthpop_data/processed/melodies_all/Pet_Shop_Boys__West_End_Girls.2.mid,66,Tenor Sax,,157,58.64331210191083,114.0001710002565
Pet Shop Boys,West End Girls.3.mid,data/clean_midi/Pet Shop Boys/West End Girls.3.mid,synthpop_data/processed/melodies_all/Pet_Shop_Boys__West_End_Girls.3.mid,66,Tenor Sax,,157,58.64331210191083,113.99995440001824
Pet Shop Boys,West End Girls.4.mid,data/clean_midi/Pet Shop Boys/West End Girls.4.mid,synthpop_data/processed/melodies_all/Pet_Shop_Boys__West_End_Girls.4.mid,56,Trumpet,Solo Tpt,112,73.05357142857143,114.00125401379417
Pet Shop Boys,West End Girls.mid,data/clean_midi/Pet Shop Boys/West End Girls.mid,synthpop_data/processed/melodies_all/Pet_Shop_Boys__West_End_Girls.mid,80,Lead 1 (square),SQUAREWAVE,192,71.75520833333333,115.00201253521936
Pet Shop Boys,What Have I Done to Deserve This.mid,data/clean_midi/Pet Shop Boys/What Have I Done to Deserve This.mid,synthpop_data/processed/melodies_all/Pet_Shop_Boys__What_Have_I_Done_to_Deserve_This.mid,61,Brass Section,MIDI,254,67.16929133858268,114.00125401379417
Pet Shop Boys,Where the Streets Have No Name.mid,data/clean_midi/Pet Shop Boys/Where the Streets Have No Name.mid,synthpop_data/processed/melodies_all/Pet_Shop_Boys__Where_the_Streets_Have_No_Name.mid,0,Acoustic Grand Piano,,336,70.28869047619048,127.000254000508
Robyn,Show Me Love.mid,data/clean_midi/Robyn/Show Me Love.mid,synthpop_data/processed/melodies_all/Robyn__Show_Me_Love.mid,73,Flute,(c)1997 TRAN TRACKS ,144,66.0,91.99998773333496
Simple Minds,Alive & Kicking.1.mid,data/clean_midi/Simple Minds/Alive & Kicking.1.mid,synthpop_data/processed/melodies_all/Simple_Minds__Alive_&_Kicking.1.mid,53,Voice Oohs,VOICE OOHS,152,67.21710526315789,103.00075533887248
Simple Minds,Alive & Kicking.mid,data/clean_midi/Simple Minds/Alive & Kicking.mid,synthpop_data/processed/melodies_all/Simple_Minds__Alive_&_Kicking.mid,53,Voice Oohs,,138,67.90579710144928,103.0000480666891
Simple Minds,Don't You (Forget About Me).1.mid,data/clean_midi/Simple Minds/Don't You (Forget About Me).1.mid,synthpop_data/processed/melodies_all/Simple_Minds__Don't_You_(Forget_About_Me).1.mid,91,Pad 4 (choir),Don't You Forget About Me,361,67.92520775623268,114.0001710002565
Simple Minds,Don't You (Forget About Me).2.mid,data/clean_midi/Simple Minds/Don't You (Forget About Me).2.mid,synthpop_data/processed/melodies_all/Simple_Minds__Don't_You_(Forget_About_Me).2.mid,65,Alto Sax,ALTO SAX,285,68.84561403508772,114.00125401379417
Simple Minds,Don't You (Forget About Me).3.mid,data/clean_midi/Simple Minds/Don't You (Forget About Me).3.mid,synthpop_data/processed/melodies_all/Simple_Minds__Don't_You_(Forget_About_Me).3.mid,73,Flute,Chant,385,80.16363636363636,102.49999187501484
Simple Minds,Don't You (Forget About Me).4.mid,data/clean_midi/Simple Minds/Don't You (Forget About Me).4.mid,synthpop_data/processed/melodies_all/Simple_Minds__Don't_You_(Forget_About_Me).4.mid,65,Alto Sax,,285,68.84561403508772,114.0001710002565
Simple Minds,Don't You (Forget About Me).mid,data/clean_midi/Simple Minds/Don't You (Forget About Me).mid,synthpop_data/processed/melodies_all/Simple_Minds__Don't_You_(Forget_About_Me).mid,65,Alto Sax,nameless,285,68.84561403508772,117.00008550012824
Simple Minds,Mandela Day.1.mid,data/clean_midi/Simple Minds/Mandela Day.1.mid,synthpop_data/processed/melodies_all/Simple_Minds__Mandela_Day.1.mid,2,Electric Grand Piano,M.Maselli**,466,66.30901287553648,96.0
Simple Minds,Mandela Day.mid,data/clean_midi/Simple Minds/Mandela Day.mid,synthpop_data/processed/melodies_all/Simple_Minds__Mandela_Day.mid,2,Electric Grand Piano,Mandela Day,466,66.30901287553648,96.0
Simple Minds,She's a River.1.mid,data/clean_midi/Simple Minds/She's a River.1.mid,synthpop_data/processed/melodies_all/Simple_Minds__She's_a_River.1.mid,87,Lead 8 (bass + lead),,417,61.0,93.00004185001885
Simple Minds,She's a River.mid,data/clean_midi/Simple Minds/She's a River.mid,synthpop_data/processed/melodies_all/Simple_Minds__She's_a_River.mid,65,Alto Sax,MELODY,516,61.18798449612403,93.000186000372
Soft Cell,Something's Gotten Hold of My Heart.mid,data/clean_midi/Soft Cell/Something's Gotten Hold of My Heart.mid,synthpop_data/processed/melodies_all/Soft_Cell__Something's_Gotten_Hold_of_My_Heart.mid,68,Oboe,OBOE,102,66.80392156862744,90.0009000090001
Soft Cell,Tainted Love.1.mid,data/clean_midi/Soft Cell/Tainted Love.1.mid,synthpop_data/processed/melodies_all/Soft_Cell__Tainted_Love.1.mid,0,Acoustic Grand Piano,Vocal-Lin,381,58.797900262467195,146.00742691111554
Soft Cell,Tainted Love.2.mid,data/clean_midi/Soft Cell/Tainted Love.2.mid,synthpop_data/processed/melodies_all/Soft_Cell__Tainted_Love.2.mid,81,Lead 2 (sawtooth),SAW WAVE,142,70.56338028169014,140.00046666822223
Soft Cell,Tainted Love.mid,data/clean_midi/Soft Cell/Tainted Love.mid,synthpop_data/processed/melodies_all/Soft_Cell__Tainted_Love.mid,65,Alto Sax,0190TAIN,271,59.11808118081181,144.00921658986175
Spandau Ballet,Gold.1.mid,data/clean_midi/Spandau Ballet/Gold.1.mid,synthpop_data/processed/melodies_all/Spandau_Ballet__Gold.1.mid,26,Electric Guitar (jazz),MIDI,354,61.0,143.03082314238722
Spandau Ballet,Gold.mid,data/clean_midi/Spandau Ballet/Gold.mid,synthpop_data/processed/melodies_all/Spandau_Ballet__Gold.mid,26,Electric Guitar (jazz),,354,61.0,143.00014300014297
Spandau Ballet,True.1.mid,data/clean_midi/Spandau Ballet/True.1.mid,synthpop_data/processed/melodies_all/Spandau_Ballet__True.1.mid,81,Lead 2 (sawtooth),Lead,242,60.3099173553719,100.0
Spandau Ballet,True.2.mid,data/clean_midi/Spandau Ballet/True.2.mid,synthpop_data/processed/melodies_all/Spandau_Ballet__True.2.mid,28,Electric Guitar (muted),MUTED GTR,126,70.55555555555556,100.0
Spandau Ballet,True.3.mid,data/clean_midi/Spandau Ballet/True.3.mid,synthpop_data/processed/melodies_all/Spandau_Ballet__True.3.mid,0,Acoustic Grand Piano,Vox Cue ,454,60.22466960352423,98.00270487465454
Spandau Ballet,True.mid,data/clean_midi/Spandau Ballet/True.mid,synthpop_data/processed/melodies_all/Spandau_Ballet__True.mid,0,Acoustic Grand Piano,Lead Vocal,242,60.3099173553719,100.0
Talk Talk,It's My Life.mid,data/clean_midi/Talk Talk/It's My Life.mid,synthpop_data/processed/melodies_all/Talk_Talk__It's_My_Life.mid,79,Ocarina,Pan Flute - Vocal Melody,180,75.36111111111111,125.0
Talk Talk,Such a Shame.mid,data/clean_midi/Talk Talk/Such a Shame.mid,synthpop_data/processed/melodies_all/Talk_Talk__Such_a_Shame.mid,82,Lead 3 (calliope),Melody  ,211,67.59715639810426,123.00123001230013
Tears for Fears,Everybody Wants To Rule The World.1.mid,data/clean_midi/Tears for Fears/Everybody Wants To Rule The World.1.mid,synthpop_data/processed/melodies_all/Tears_for_Fears__Everybody_Wants_To_Rule_The_World.1.mid,68,Oboe,Melody,221,72.16289592760181,110.00011000011
Tears for Fears,Everybody Wants To Rule The World.2.mid,data/clean_midi/Tears for Fears/Everybody Wants To Rule The World.2.mid,synthpop_data/processed/melodies_all/Tears_for_Fears__Everybody_Wants_To_Rule_The_World.2.mid,75,Pan Flute,Melody,221,72.16289592760181,109.99990833340972
Tears for Fears,Everybody Wants To Rule The World.3.mid,data/clean_midi/Tears for Fears/Everybody Wants To Rule The World.3.mid,synthpop_data/processed/melodies_all/Tears_for_Fears__Everybody_Wants_To_Rule_The_World.3.mid,81,Lead 2 (sawtooth),E.GTR/SAWT,234,58.61538461538461,111.000111000111
Tears for Fears,Everybody Wants To Rule The World.mid,data/clean_midi/Tears for Fears/Everybody Wants To Rule The World.mid,synthpop_data/processed/melodies_all/Tears_for_Fears__Everybody_Wants_To_Rule_The_World.mid,84,Lead 5 (charang),solo,76,69.1842105263158,110.0009166743056
Tears for Fears,Head Over Heels.mid,data/clean_midi/Tears for Fears/Head Over Heels.mid,synthpop_data/processed/melodies_all/Tears_for_Fears__Head_Over_Heels.mid,43,Contrabass,Voices,128,69.25,101.00006901671382
Tears for Fears,Laid So Low (Tears Roll Down).mid,data/clean_midi/Tears for Fears/Laid So Low (Tears Roll Down).mid,synthpop_data/processed/melodies_all/Tears_for_Fears__Laid_So_Low_(Tears_Roll_Down).mid,25,Acoustic Guitar (steel),PRG.CHANGE,170,64.51176470588236,115.00201253521936
Tears for Fears,Shout.1.mid,data/clean_midi/Tears for Fears/Shout.1.mid,synthpop_data/processed/melodies_all/Tears_for_Fears__Shout.1.mid,81,Lead 2 (sawtooth),Shout,409,72.71638141809291,95.00014250021376
Tears for Fears,Shout.2.mid,data/clean_midi/Tears for Fears/Shout.2.mid,synthpop_data/processed/melodies_all/Tears_for_Fears__Shout.2.mid,82,Lead 3 (calliope),Shout,362,72.53867403314918,98.00014373354414
Tears for Fears,Shout.3.mid,data/clean_midi/Tears for Fears/Shout.3.mid,synthpop_data/processed/melodies_all/Tears_for_Fears__Shout.3.mid,85,Lead 6 (voice),SOLO VOX,575,69.69391304347826,98.00078400627208
Tears for Fears,Shout.4.mid,data/clean_midi/Tears for Fears/Shout.4.mid,synthpop_data/processed/melodies_all/Tears_for_Fears__Shout.4.mid,75,Pan Flute,melodi,362,60.53867403314917,97.9999836666694
Tears for Fears,Shout.5.mid,data/clean_midi/Tears for Fears/Shout.5.mid,synthpop_data/processed/melodies_all/Tears_for_Fears__Shout.5.mid,82,Lead 3 (calliope),melodi,362,72.53867403314918,98.00014373354416
Tears for Fears,Shout.mid,data/clean_midi/Tears for Fears/Shout.mid,synthpop_data/processed/melodies_all/Tears_for_Fears__Shout.mid,81,Lead 2 (sawtooth),Shout,409,72.71638141809291,95.00014250021376
Tears for Fears,Sowing the Seeds of Love.1.mid,data/clean_midi/Tears for Fears/Sowing the Seeds of Love.1.mid,synthpop_data/processed/melodies_all/Tears_for_Fears__Sowing_the_Seeds_of_Love.1.mid,65,Alto Sax,0241SEED,380,64.23947368421052,143.50070471141632
The Cars,Bye Bye Love.mid,data/clean_midi/The Cars/Bye Bye Love.mid,synthpop_data/processed/melodies_all/The_Cars__Bye_Bye_Love.mid,66,Tenor Sax,Vocal,290,62.01034482758621,130.00013000013
The Cars,Drive.1.mid,data/clean_midi/The Cars/Drive.1.mid,synthpop_data/processed/melodies_all/The_Cars__Drive.1.mid,65,Alto Sax,,118,71.2457627118644,83.0000650167176
The Cars,Drive.2.mid,data/clean_midi/The Cars/Drive.2.mid,synthpop_data/processed/melodies_all/The_Cars__Drive.2.mid,65,Alto Sax,,118,71.2457627118644,82.99995020002989
The Cars,Drive.3.mid,data/clean_midi/The Cars/Drive.3.mid,synthpop_data/processed/melodies_all/The_Cars__Drive.3.mid,50,Synth Strings 1,Strings2            ,212,72.29716981132076,130.00013000013
The Cars,Drive.4.mid,data/clean_midi/The Cars/Drive.4.mid,synthpop_data/processed/melodies_all/The_Cars__Drive.4.mid,52,Choir Aahs,Drive,130,60.13846153846154,84.00008400008399
The Cars,Drive.5.mid,data/clean_midi/The Cars/Drive.5.mid,synthpop_data/processed/melodies_all/The_Cars__Drive.5.mid,65,Alto Sax,Melody,118,71.2457627118644,83.0000650167176
The Cars,Drive.mid,data/clean_midi/The Cars/Drive.mid,synthpop_data/processed/melodies_all/The_Cars__Drive.mid,65,Alto Sax,ALTO SAX,118,59.24576271186441,86.00054467011624
The Cars,Good Times Roll.1.mid,data/clean_midi/The Cars/Good Times Roll.1.mid,synthpop_data/processed/melodies_all/The_Cars__Good_Times_Roll.1.mid,54,Synth Choir,SYN VOX,282,72.68085106382979,109.00172586065946
The Cars,Good Times Roll.mid,data/clean_midi/The Cars/Good Times Roll.mid,synthpop_data/processed/melodies_all/The_Cars__Good_Times_Roll.mid,54,Synth Choir,,282,72.68085106382979,109.00014170018424
The Cars,It's All I Can Do.mid,data/clean_midi/The Cars/It's All I Can Do.mid,synthpop_data/processed/melodies_all/The_Cars__It's_All_I_Can_Do.mid,65,Alto Sax,Melody,275,59.236363636363635,120.0
The Cars,Just What I Needed.1.mid,data/clean_midi/The Cars/Just What I Needed.1.mid,synthpop_data/processed/melodies_all/The_Cars__Just_What_I_Needed.1.mid,85,Lead 6 (voice),,180,73.4,130.00013000013
The Cars,Just What I Needed.2.mid,data/clean_midi/The Cars/Just What I Needed.2.mid,synthpop_data/processed/melodies_all/The_Cars__Just_What_I_Needed.2.mid,85,Lead 6 (voice),Vocal,180,73.4,130.00013000013
The Cars,Just What I Needed.mid,data/clean_midi/The Cars/Just What I Needed.mid,synthpop_data/processed/melodies_all/The_Cars__Just_What_I_Needed.mid,80,Lead 1 (square),VOICE OOHS,134,65.76119402985074,130.0023833770286
The Cars,Let's Go.1.mid,data/clean_midi/The Cars/Let's Go.1.mid,synthpop_data/processed/melodies_all/The_Cars__Let's_Go.1.mid,73,Flute,Vocal,216,74.89351851851852,131.00007641671124
The Cars,Let's Go.2.mid,data/clean_midi/The Cars/Let's Go.2.mid,synthpop_data/processed/melodies_all/The_Cars__Let's_Go.2.mid,44,Tremolo Strings,doctorsolo,310,64.23225806451613,131.00007641671124
The Cars,Let's Go.3.mid,data/clean_midi/The Cars/Let's Go.3.mid,synthpop_data/processed/melodies_all/The_Cars__Let's_Go.3.mid,87,Lead 8 (bass + lead),,216,62.89351851851852,131.00007641671124
The Cars,Let's Go.mid,data/clean_midi/The Cars/Let's Go.mid,synthpop_data/processed/melodies_all/The_Cars__Let's_Go.mid,87,Lead 8 (bass + lead),BASS&LEAD,216,62.89351851851852,131.0015065173249
The Cars,My Best Friend's Girl.mid,data/clean_midi/The Cars/My Best Friend's Girl.mid,synthpop_data/processed/melodies_all/The_Cars__My_Best_Friend's_Girl.mid,56,Trumpet,Vocals,543,73.21915285451198,120.0
The Cars,Shake It Up.mid,data/clean_midi/The Cars/Shake It Up.mid,synthpop_data/processed/melodies_all/The_Cars__Shake_It_Up.mid,7,Clavinet,SYNTH LINE,598,58.82943143812709,151.00037750094376
The Cars,Tonight She Comes.mid,data/clean_midi/The Cars/Tonight She Comes.mid,synthpop_data/processed/melodies_all/The_Cars__Tonight_She_Comes.mid,65,Alto Sax,Lead vocal,217,68.61751152073732,145.00003625000906
The Cars,You Might Think.1.mid,data/clean_midi/The Cars/You Might Think.1.mid,synthpop_data/processed/melodies_all/The_Cars__You_Might_Think.1.mid,80,Lead 1 (square),,207,62.98550724637681,137.99987580011177
The Cars,You Might Think.2.mid,data/clean_midi/The Cars/You Might Think.2.mid,synthpop_data/processed/melodies_all/The_Cars__You_Might_Think.2.mid,73,Flute,,131,75.1145038167939,137.99987580011177
The Cars,You Might Think.3.mid,data/clean_midi/The Cars/You Might Think.3.mid,synthpop_data/processed/melodies_all/The_Cars__You_Might_Think.3.mid,80,Lead 1 (square),SQUAREWAVE,207,62.98550724637681,138.000828004968
The Cars,You Might Think.mid,data/clean_midi/The Cars/You Might Think.mid,synthpop_data/processed/melodies_all/The_Cars__You_Might_Think.mid,80,Lead 1 (square),,207,62.98550724637681,138.00019320027047
The Human League,Don't You Want Me.mid,data/clean_midi/The Human League/Don't You Want Me.mid,synthpop_data/processed/melodies_all/The_Human_League__Don't_You_Want_Me.mid,75,Pan Flute,PAN FLUTE,245,72.7591836734694,118.0010620095581
The Human League,Tell Me When.mid,data/clean_midi/The Human League/Tell Me When.mid,synthpop_data/processed/melodies_all/The_Human_League__Tell_Me_When.mid,17,Percussive Organ,MELODY,444,72.08558558558559,120.0
Ultravox,Vienna.mid,data/clean_midi/Ultravox/Vienna.mid,synthpop_data/processed/melodies_all/Ultravox__Vienna.mid,68,Oboe,Vienna,179,70.62011173184358,72.0000288000115
Visage,Fade to Gray.mid,data/clean_midi/Visage/Fade to Gray.mid,synthpop_data/processed/melodies_all/Visage__Fade_to_Gray.mid,80,Lead 1 (square),FM Funk Synth   ,164,54.85365853658536,115.00002875000716
Visage,Fade to Grey.mid,data/clean_midi/Visage/Fade to Grey.mid,synthpop_data/processed/melodies_all/Visage__Fade_to_Grey.mid,54,Synth Choir,Vocal Melody,100,66.08,112.0000597333652
Wham!,Careless Whisper.1.mid,data/clean_midi/Wham!/Careless Whisper.1.mid,synthpop_data/processed/melodies_all/Wham!__Careless_Whisper.1.mid,66,Tenor Sax,Tenor Sax           ,155,66.70967741935483,77.99997660000702
Wham!,Careless Whisper.2.mid,data/clean_midi/Wham!/Careless Whisper.2.mid,synthpop_data/processed/melodies_all/Wham!__Careless_Whisper.2.mid,66,Tenor Sax,Tenor Sax           ,155,66.70967741935483,78.00007800007802
Wham!,Careless Whisper.mid,data/clean_midi/Wham!/Careless Whisper.mid,synthpop_data/processed/melodies_all/Wham!__Careless_Whisper.mid,66,Tenor Sax,Tenor Sax           ,155,66.70967741935483,78.00007800007802
Wham!,Everything She Wants.1.mid,data/clean_midi/Wham!/Everything She Wants.1.mid,synthpop_data/processed/melodies_all/Wham!__Everything_She_Wants.1.mid,52,Choir Aahs,,161,56.11801242236025,115.0000287500072
Wham!,Everything She Wants.mid,data/clean_midi/Wham!/Everything She Wants.mid,synthpop_data/processed/melodies_all/Wham!__Everything_She_Wants.mid,100,FX 5 (brightness),Vocal,577,70.12478336221837,110.05502751375688
Wham!,If You Were There.mid,data/clean_midi/Wham!/If You Were There.mid,synthpop_data/processed/melodies_all/Wham!__If_You_Were_There.mid,75,Pan Flute,,339,74.55457227138643,127.000254000508
Yazoo,Don't Go.mid,data/clean_midi/Yazoo/Don't Go.mid,synthpop_data/processed/melodies_all/Yazoo__Don't_Go.mid,62,Synth Brass 1,SYNBRASS 1,361,70.81440443213296,128.0
Yazoo,Situation.mid,data/clean_midi/Yazoo/Situation.mid,synthpop_data/processed/melodies_all/Yazoo__Situation.mid,83,Lead 4 chiff,CHIFFER LD,118,74.78813559322033,92.00055200331204
a-ha,Hunting High and Low.mid,data/clean_midi/a-ha/Hunting High and Low.mid,synthpop_data/processed/melodies_all/a-ha__Hunting_High_and_Low.mid,48,String Ensemble 1,melody,244,72.29508196721312,100.0
a-ha,Take On Me.6.mid,data/clean_midi/a-ha/Take On Me.6.mid,synthpop_data/processed/melodies_all/a-ha__Take_On_Me.6.mid,62,Synth Brass 1,SynthBrs1,128,76.6875,155.00031000062
a-ha,The Living Daylights.1.mid,data/clean_midi/a-ha/The Living Daylights.1.mid,synthpop_data/processed/melodies_all/a-ha__The_Living_Daylights.1.mid,53,Voice Oohs,,178,70.24719101123596,120.99994353335968
a-ha,The Living Daylights.mid,data/clean_midi/a-ha/The Living Daylights.mid,synthpop_data/processed/melodies_all/a-ha__The_Living_Daylights.mid,53,Voice Oohs,Backing Vox,178,70.24719101123596,120.99994353335968
a-ha,The Sun Always Shines on TV.mid,data/clean_midi/a-ha/The Sun Always Shines on TV.mid,synthpop_data/processed/melodies_all/a-ha__The_Sun_Always_Shines_on_TV.mid,48,String Ensemble 1,The Sun Always Shines On T.V.(For SC-88VL)                      ,197,74.00507614213198,132.000132000132
